site,id,elev_mean
lassen,28052914,1419.9524408427544
lassen,28050312,1658.1510245992645
lassen,28073016,1392.8500152279632
lassen,29053210,1713.408911682129
lassen,28051801,1685.8315157430627
lassen,28062612,1467.6289994772035
lassen,28042310,1712.271753156962
lassen,29072715,1715.0191325930919
lassen,28050211,1663.1237939989967
lassen,29071809,1580.6394703099634
lassen,29072714,1672.110962312551
lassen,28063215,1613.1683700462884
lassen,28051112,1678.073755416521
lassen,29053509,1757.183338607595
lassen,28050716,1688.3651890110325
lassen,28051101,1627.8166720906243
lassen,28052004,1647.352978743906
lassen,28062404,1440.4184061832145
lassen,28052504,1496.6600768491999
lassen,29063207,1692.61595273609
lassen,28063206,1512.3130200820708
lassen,28053110,1381.3474252319336
lassen,28051502,1627.3160972349592
lassen,28062211,1534.911526474656
lassen,28052014,1401.8018205309547
lassen,28051803,1764.7043206402261
lassen,28062110,1508.8042891810894
lassen,29063014,1796.4277729011671
lassen,28052203,1450.5829814254616
lassen,28041605,1652.4761432327387
lassen,28041612,1517.0971826241662
lassen,28041012,1726.4202417539282
lassen,29052613,1798.4507150325014
lassen,28040305,1394.5106741007091
lassen,28050902,1516.7689569181691
lassen,28040903,1487.3791043699396
lassen,28060616,1763.465007407393
lassen,28040306,1412.4613751015968
lassen,28051706,1639.3549313678423
lassen,29052605,1779.4030040475257
lassen,28041610,1741.2916831842388
lassen,28040234,1494.0554026545617
lassen,28041116,1591.8796974980246
lassen,28041109,1617.6907129610036
lassen,28051710,1599.0218367474934
lassen,28052709,1472.572779721724
lassen,28062408,1380.996242940512
lassen,29053116,1549.247435191321
lassen,28041508,1725.2553480040353
lassen,28071911,1375.2123960441136
lassen,28052801,1462.0919056700889
lassen,28061802,1652.3912984872404
lassen,28053305,1576.6600666509964
lassen,28043616,1487.9890371540093
lassen,29053312,1688.1593000280711
lassen,29072608,1692.4376258121663
lassen,28042415,1643.1348116456854
lassen,28050910,1522.0861672429064
lassen,28050905,1543.0164750689048
lassen,29053332,1618.8856264495457
lassen,29063211,1817.1617741361576
lassen,28050212,1686.9646474933097
lassen,29052709,1786.9328029624985
lassen,28053313,1657.6783659747116
lassen,28052711,1540.4532171251271
lassen,29062911,1608.931466153188
lassen,29052601,1658.2033579089739
lassen,28073011,1416.275756072631
lassen,28073009,1379.3899864223333
lassen,28041309,1691.8908185774906
lassen,28061415,1540.3504350131338
lassen,29052707,1768.0560673702862
lassen,29063306,1609.9168404368318
lassen,28042208,1732.524705126442
lassen,28060731,1755.6221724200698
lassen,29052905,1723.9624671216282
lassen,28052406,1533.5378300974382
lassen,29063213,1759.3867966940452
lassen,29053413,1673.1277186346654
lassen,28041216,1770.66562139491
lassen,28051012,1440.1940661975452
lassen,28053107,1370.145567907721
lassen,29052404,1577.4803839286403
lassen,28053207,1367.403376107264
lassen,28050308,1686.3089231026368
lassen,29053502,1799.2070687219052
lassen,28062513,1418.9919837696848
lassen,28052216,1438.8654195913684
lassen,28052310,1543.8058740720228
lassen,29063115,1745.854653112273
lassen,28050215,1668.2293901167193
lassen,28041516,1740.744859845369
lassen,28052206,1415.6859933404137
lassen,29052710,1795.1338488042775
lassen,28042312,1660.4430495463146
lassen,28063511,1472.5298272271425
lassen,28051314,1530.907692272968
lassen,29053212,1660.1102915843603
lassen,29053209,1716.7662474728875
lassen,28041001,1582.3433711064326
lassen,28041008,1583.3899076801945
lassen,28073008,1373.1861484059184
lassen,28053009,1460.7618939208985
lassen,28041114,1591.7550888671874
lassen,28040308,1503.685730987845
lassen,29063132,1801.4498838017325
lassen,28050916,1446.7520103300149
lassen,28050903,1570.8958594267351
lassen,29061711,1692.0624548293692
lassen,28042405,1657.1201121334443
lassen,28050906,1514.80224181167
lassen,29053415,1622.6085255889739
lassen,29043501,1631.6952942769478
lassen,29053507,1772.891802672886
lassen,29062905,1620.607614491623
lassen,28051102,1655.3229774718172
lassen,28052302,1656.5312419222607
lassen,28043409,1546.8905184326172
lassen,28052911,1403.0861630673642
lassen,29061810,1628.0236209259397
lassen,29063131,1797.6395212758737
lassen,28041111,1571.0356684594606
lassen,28052712,1556.84645260394
lassen,28052315,1501.7271013825307
lassen,28061801,1660.6859314967412
lassen,29063034,1799.6154766533318
lassen,28051306,1543.716552174134
lassen,28042205,1634.644807878
lassen,29043604,1628.2428902156025
lassen,28040906,1662.6882093785923
lassen,28052112,1418.8377968054217
lassen,28042202,1761.0455229909796
lassen,28053106,1392.7824261279322
lassen,28052305,1577.3896455972501
lassen,28042107,1429.6024352332447
lassen,28062002,1526.1641791505672
lassen,28063101,1514.6832230502666
lassen,28041609,1730.848709952535
lassen,28040215,1633.7762736893628
lassen,28060212,1452.0810432174073
lassen,28052903,1406.7702378481404
lassen,28073033,1406.4294538848253
lassen,28061102,1448.607615916698
lassen,28041615,1632.860256697438
lassen,28042604,1504.735677143884
lassen,28041515,1733.235239548456
lassen,28040112,1769.2861265604201
lassen,29052614,1822.4504203553174
lassen,28050715,1716.5708445326786
lassen,28051005,1445.793049908299
lassen,29062410,1534.7513383380233
lassen,28062710,1471.5884235406988
lassen,28061138,1472.9373390274818
lassen,29061713,1578.4063329385529
lassen,29063110,1764.3862403861976
lassen,29053306,1685.043682255262
lassen,28051931,1713.9324424230613
lassen,28051406,1660.6985591123982
lassen,29063008,1582.8468339528897
lassen,28051307,1578.5331741549664
lassen,28052906,1393.8855845815674
lassen,28042506,1584.1967743105627
lassen,28051210,1670.2102097349273
lassen,28053210,1419.5946963829817
lassen,28062516,1418.639628371913
lassen,28043506,1513.632190655197
lassen,28042505,1609.087291162629
lassen,28061612,1683.5085364220674
lassen,28042211,1610.6778835847722
lassen,28052005,1625.9055413848725
lassen,28052503,1494.93202935791
lassen,29042210,1596.763963007832
lassen,28073204,1380.2687888520966
lassen,28073116,1395.6974249677696
lassen,29063315,1540.2136200374373
lassen,28043604,1438.3746779226458
lassen,28042215,1553.6657602601872
lassen,28041506,1706.5440635896673
lassen,28041502,1730.2235004450217
lassen,28042311,1720.354619015363
lassen,29042609,1576.7764725198942
lassen,28042409,1547.743693313374
lassen,28061833,1648.1893357222725
lassen,28041113,1606.6964768441726
lassen,29042716,1430.665830087732
lassen,28052716,1501.577737476179
lassen,28063105,1620.9238469672337
lassen,28063103,1533.7834856288152
lassen,29042706,1513.7525015699048
lassen,28062613,1468.4978832242975
lassen,28040816,1656.0963168127935
lassen,28040313,1576.530180116246
lassen,28040311,1505.724292814873
lassen,28043609,1466.5824184013543
lassen,29053208,1710.6898048343514
lassen,28052806,1539.7113451375142
lassen,29042110,1774.0836905596634
lassen,28062708,1476.2477931602327
lassen,28063034,1502.2514693762153
lassen,28062502,1417.6435699388999
lassen,28040409,1406.991887769512
lassen,28073010,1404.996796011137
lassen,29053006,1693.401103393108
lassen,28061407,1475.5454576568964
lassen,28051407,1646.2124893904322
lassen,28052208,1515.5472491653939
lassen,28040207,1687.1755445830677
lassen,29063007,1583.5680416303062
lassen,28040115,1790.5234518138286
lassen,29042807,1701.6436113695254
lassen,28042410,1654.8388233231312
lassen,28050912,1463.2029070964857
lassen,28041009,1591.6195757650503
lassen,29062712,1495.4535444086591
lassen,28052908,1531.181136424177
lassen,28071934,1389.004735767598
lassen,29053315,1658.488648968754
lassen,28051514,1496.7005123704334
lassen,28043607,1435.4248608903217
lassen,29063205,1826.3891712477562
lassen,29063109,1784.3495911043053
lassen,28051505,1459.8316790313118
lassen,28062101,1627.6402011609723
lassen,28043601,1408.9594314112808
lassen,29052602,1713.3586494019312
lassen,28052201,1527.1215173951102
lassen,28040331,1423.9098002768292
lassen,28073108,1404.0342827948418
lassen,28040108,1613.3160136337822
lassen,29052505,1703.7001581710674
lassen,28050909,1525.179216259022
lassen,28073213,1393.4263810793084
lassen,28051414,1648.9544159146847
lassen,29052607,1771.488849937545
lassen,28062102,1607.6169786732694
lassen,28052009,1446.2689334617417
lassen,28062507,1422.6600188990274
lassen,28041602,1737.7472720700323
lassen,29052615,1820.8240656729981
lassen,29043509,1702.3291796440544
lassen,29063303,1661.9033590969473
lassen,28041205,1702.2668760033857
lassen,28042201,1759.396869494192
lassen,29062812,1652.8875452333384
lassen,29063107,1773.9000314637158
lassen,28053032,1463.8984468460083
lassen,28052910,1438.4830678430876
lassen,28073014,1411.3029266899155
lassen,28052706,1457.1204514189394
lassen,28073131,1413.0580641904564
lassen,28051008,1677.2727101364555
lassen,28062509,1408.892574012802
lassen,28063213,1746.5187881612053
lassen,29071713,1602.4336276655438
lassen,28043403,1669.0285211714245
lassen,28042306,1767.6530254750194
lassen,28051808,1685.9991500974013
lassen,28041701,1544.5110558805
lassen,28051903,1705.7267418378665
lassen,29052502,1588.0054278763314
lassen,28052001,1455.9800217019458
lassen,28051507,1622.3070059894867
lassen,29063208,1641.8862193657137
lassen,29063304,1617.0655553987383
lassen,28043615,1497.2433374439308
lassen,29052611,1816.3204692951683
lassen,28051513,1432.0047489464932
lassen,28071933,1378.905701310238
lassen,29053414,1660.382704058327
lassen,28052003,1636.4177600879386
lassen,28042103,1411.0917079363796
lassen,29063215,1762.2365010056687
lassen,28042710,1637.1783655415004
lassen,29062915,1597.9224646916343
lassen,29053411,1626.2315718326663
lassen,28040312,1447.7379815175818
lassen,28050812,1556.2006512180324
lassen,29072710,1682.0629446241592
lassen,29063506,1477.6145194447192
lassen,28041204,1775.8936824964271
lassen,29063313,1645.426511169152
lassen,28052902,1436.0121171579658
lassen,28061711,1552.2237574036244
lassen,28041614,1516.8240005136615
lassen,28042709,1554.6265697582348
lassen,29062913,1633.2239253848777
lassen,28053312,1625.892146801659
lassen,28050333,1676.4756735486294
lassen,28052604,1444.0263559850373
lassen,28053114,1481.2228511449557
lassen,28042008,1243.7350526302769
lassen,28052802,1479.4765825890752
lassen,28060732,1696.2239051041602
lassen,28051516,1611.7401755532399
lassen,28040908,1677.1023308389465
lassen,29052911,1625.1803501498314
lassen,28043613,1478.4869053397113
lassen,28072904,1372.666015625
lassen,29053007,1722.5101571409339
lassen,28042112,1258.4765540025467
lassen,29063316,1488.6359723409016
lassen,28050811,1477.1761817503511
lassen,29063202,1631.8235120370632
lassen,28050311,1664.794941659013
lassen,29053009,1606.7604809186846
lassen,28061416,1466.324597209794
lassen,28040316,1590.9079437114444
lassen,28052006,1613.2575614098275
lassen,28042214,1572.3639091390744
lassen,29043605,1682.641230860473
lassen,28062510,1417.4965906269647
lassen,28040213,1555.0900407325564
lassen,28040206,1587.2144401730516
lassen,28073211,1385.8467510108362
lassen,28051405,1660.5401627009094
lassen,29063114,1760.8208426951167
lassen,28042504,1636.7167619888523
lassen,28041102,1619.273384510112
lassen,28042716,1610.7425179108905
lassen,29063510,1459.5365535967683
lassen,29061806,1718.5332400050117
lassen,28042807,1672.059505813509
lassen,28050711,1717.9734116461339
lassen,28041505,1733.1757225093984
lassen,29061807,1729.1651627322362
lassen,28062409,1385.2488649768616
lassen,28050431,1655.00791050011
lassen,28043416,1544.249452617381
lassen,28042309,1691.6065233682234
lassen,29061815,1642.1517477804541
lassen,28062106,1540.6314032740847
lassen,28062611,1454.6260885763998
lassen,29053206,1708.8583826922857
lassen,28052011,1481.7580956005659
lassen,28052312,1504.500575560024
lassen,28041601,1746.162166782294
lassen,28042110,1430.0198093509127
lassen,29053511,1628.2918653266374
lassen,29063116,1747.490294947535
lassen,28073103,1411.9874362528294
lassen,28040916,1745.7893856341464
lassen,28072912,1372.671275072835
lassen,28051506,1590.5739585474919
lassen,29043416,1405.846111418709
lassen,28052207,1438.808694345535
lassen,29062705,1511.6539649369429
lassen,28051716,1494.8403996114794
lassen,28051411,1664.9212633875047
lassen,28051302,1638.4655668683065
lassen,28041611,1589.4224185021428
lassen,28050306,1679.2143343446096
lassen,28053115,1421.727928242011
lassen,29043503,1533.8351186316784
lassen,28063107,1600.4594092771938
lassen,28073031,1399.3155045521814
lassen,28053602,1542.4562059877292
lassen,28040107,1710.4198848190347
lassen,28052415,1524.0966588765307
lassen,28042009,1237.6969424908536
lassen,28062111,1504.2514598238074
lassen,28051310,1554.0860401486207
lassen,29053412,1660.1542181860425
lassen,29052914,1636.784059460222
lassen,28040315,1619.6689404500419
lassen,28052202,1500.2720020288464
lassen,28042404,1695.6251940269228
lassen,28061310,1389.2109477885242
lassen,28072911,1372.666015625
lassen,28052807,1525.4818585495134
lassen,29043606,1583.4769592596879
lassen,28051832,1757.231767973326
lassen,28062305,1619.1509815698985
lassen,28050210,1679.766205731113
lassen,28040901,1609.495069940227
lassen,28051104,1685.7467401592548
lassen,28051908,1592.7932441193218
lassen,28061811,1622.1479508555876
lassen,28050214,1670.8765886849674
lassen,28051108,1570.1542721992248
lassen,28042302,1705.271410468073
lassen,28041405,1709.8957431280214
lassen,28041203,1772.8504212816456
lassen,29042801,1602.8635014006281
lassen,29062706,1516.415432762319
lassen,28043603,1421.7622682193767
lassen,29052512,1739.6223583646129
lassen,28041110,1574.5443911239593
lassen,28042315,1677.2203463040864
lassen,28062511,1427.6763633997214
lassen,28052913,1484.2731079223877
lassen,28051901,1662.6884606615574
lassen,29061712,1692.4082979273583
lassen,28040212,1543.6621343520953
lassen,28062508,1407.7372972269948
lassen,29062302,1576.8247724545547
lassen,28041716,1332.0884275358867
lassen,29062415,1530.354513792865
lassen,28063503,1467.1849312827226
lassen,29053102,1612.4423277661795
lassen,28042705,1721.5803981359215
lassen,28040110,1789.8990769217883
lassen,29053304,1651.562718060862
lassen,28062506,1426.8766592087284
lassen,28052502,1508.6360689068936
lassen,28050807,1523.759544913899
lassen,29053513,1604.1108546653033
lassen,28041504,1729.8097956294632
lassen,29052314,1653.166693953679
lassen,28052613,1493.7654248579458
lassen,28062716,1466.468005868597
lassen,28052912,1477.6118888549804
lassen,29052604,1767.6906124636962
lassen,28042610,1474.7558111685012
lassen,28041107,1601.042753538284
lassen,28050310,1669.133668668484
lassen,28052007,1544.4609327263006
lassen,29072007,1549.7587561239031
lassen,29043511,1528.2495822991182
lassen,28063205,1538.9683933371364
lassen,29052503,1629.8651209256413
lassen,29071810,1570.8501789091029
lassen,28051714,1641.5773827150872
lassen,29042516,1477.9857128162676
lassen,28052601,1498.5559284779872
lassen,28060711,1761.4430129874465
lassen,28042702,1539.5544037170846
lassen,28041016,1626.547286779263
lassen,29053506,1697.4838524233671
lassen,28050709,1661.3179847476356
lassen,28052010,1452.167921978324
lassen,28062116,1502.2781615031515
lassen,29053505,1704.0208382208566
lassen,28040205,1526.3408109777115
lassen,28042108,1480.1581331628342
lassen,29052701,1756.1740200609597
lassen,28041607,1759.4626885735659
lassen,28062512,1426.6627126052997
lassen,28041215,1745.5196629606742
lassen,28041303,1675.3922376064145
lassen,28040911,1738.723945303137
lassen,29042212,1639.4186444634945
lassen,28041501,1707.046733588975
lassen,29043507,1644.1093695746529
lassen,28060214,1427.9369556690656
lassen,28061431,1504.0471512153708
lassen,28040111,1784.5789175228197
lassen,28073032,1400.3391739847666
lassen,28050408,1657.1181602948977
lassen,28063408,1470.7364784259655
lassen,28051704,1655.9052025841886
lassen,28062003,1537.061219061865
lassen,28052412,1545.686965037465
lassen,28041007,1628.8383651470438
lassen,28042307,1723.8045234114197
lassen,28042216,1537.6219427806884
lassen,28051416,1611.0316262374945
lassen,29062912,1603.9603800234916
lassen,28053111,1435.9461813534008
lassen,28051209,1716.375731066223
lassen,28042411,1672.75954767268
lassen,28051113,1674.6458215756784
lassen,28062107,1545.9303841829046
lassen,28050305,1656.4636743826459
lassen,28052016,1394.712740069546
lassen,28051705,1655.8096382742924
lassen,28051809,1700.0743428935602
lassen,28050913,1423.1038177014595
lassen,28052915,1381.6662609247135
lassen,28041206,1771.0901662045728
lassen,28050816,1465.7942529546635
lassen,29063033,1790.971872724725
lassen,28072906,1372.666015625
lassen,28042708,1511.2855735752896
lassen,28042606,1475.3530026506003
lassen,28052414,1515.8464910559592
lassen,28043612,1494.1365690938628
lassen,28073134,1419.0705000777339
lassen,29053503,1795.6631633176642
lassen,28050332,1650.9934939213865
lassen,28042402,1588.170612679361
lassen,29063134,1790.575217523976
lassen,28062707,1478.7749747873468
lassen,28052810,1538.6576522056503
lassen,28051408,1628.9494477296005
lassen,28061101,1425.2112643024113
lassen,29052902,1788.8866179898748
lassen,29053216,1700.0008718516572
lassen,29043513,1445.8598530591985
lassen,28051807,1717.6848025039444
lassen,28051315,1550.2172555052969
lassen,28041507,1723.779406755531
lassen,29042613,1482.6809694201138
lassen,28042113,1274.5113250441777
lassen,28043411,1639.1681544189453
lassen,28052602,1468.4022357086637
lassen,28062803,1500.250466216606
lassen,28052013,1435.7179633107914
lassen,28051701,1487.148351928711
lassen,29042510,1487.3958876005197
lassen,28051409,1631.07266345257
lassen,28053031,1452.190573253652
lassen,28053134,1485.7066086371417
lassen,29063101,1806.022857635283
lassen,28050710,1692.417423693339
lassen,28052805,1543.987513287894
lassen,28040314,1608.725634245214
lassen,28040109,1716.4118951000007
lassen,28042116,1645.613638935026
lassen,28051815,1693.63130569458
lassen,28041010,1626.7262428437207
lassen,29053314,1690.2698558293118
lassen,28051016,1659.6131473863493
lassen,28050213,1690.7477840156996
lassen,28051907,1577.1251401905963
lassen,28051308,1670.5204162755044
lassen,28040334,1405.0925507011489
lassen,28061710,1589.7094025016136
lassen,28041606,1721.8265685463666
lassen,28042808,1722.7085449814215
lassen,28042209,1631.0867580613644
lassen,29063108,1814.2427887955332
lassen,28042802,1539.460498868502
lassen,29063201,1614.7084820836214
lassen,28041403,1604.382184400626
lassen,28073206,1374.6698889934914
lassen,28043505,1526.6279405716018
lassen,28073107,1409.652975121092
lassen,28052316,1527.0960916920158
lassen,28073006,1410.1647226979267
lassen,29042213,1591.650927038922
lassen,28052808,1512.6847590002644
lassen,28061107,1458.5302676558495
lassen,29043613,1758.011229123093
lassen,28043610,1487.9793967706257
lassen,29063311,1592.8583482480906
lassen,29053008,1706.7688759283371
lassen,28042115,1489.6098770372796
lassen,29062914,1625.5031723720178
lassen,28041104,1569.0214592571524
lassen,29061714,1650.548478831258
lassen,28052814,1494.249427393863
lassen,28051010,1637.8740918458254
lassen,29043508,1655.0426657475775
lassen,28051205,1556.947766678194
lassen,29042610,1617.044906646189
lassen,28052916,1398.50305102171
lassen,28043501,1428.508752859829
lassen,28040114,1769.0263942728213
lassen,28072905,1372.666015625
lassen,28052612,1449.3820628310464
lassen,28043511,1484.5351623716988
lassen,28062515,1414.1419779369053
lassen,28042316,1667.3887025411545
lassen,28042104,1343.081788274724
lassen,29063212,1799.817408482767
lassen,28041416,1681.8935257004862
lassen,28041013,1741.0554451358284
lassen,28041315,1624.2968089661376
lassen,28051511,1580.4554115690557
lassen,29043504,1447.4612540613596
lassen,28051106,1679.1793149954935
lassen,28050432,1673.554242796539
lassen,28040106,1755.7098299734039
lassen,28073003,1392.395542079875
lassen,29061811,1636.0254014621648
lassen,28061715,1560.1864503798017
lassen,29052612,1807.270568219661
lassen,28051707,1575.3379505882895
lassen,28052307,1628.1633416433183
lassen,28043602,1413.3944488818681
lassen,28042706,1659.9476775453475
lassen,28052811,1496.7561915994108
lassen,28062213,1511.4341036712487
lassen,28051403,1652.042039566115
lassen,29060716,1779.0474389361214
lassen,28052204,1408.076183972058
lassen,28041305,1609.948737623054
lassen,29053101,1629.1621590980133
lassen,29052603,1740.5061307803605
lassen,28062503,1429.2595866501933
lassen,29052515,1704.2841240743253
lassen,29042207,1699.8431754276671
lassen,28062416,1390.072104499193
lassen,29052316,1641.3368113425927
lassen,28051215,1669.0888763350474
lassen,28051305,1591.1461559330369
lassen,29053508,1801.6379156700423
lassen,28053132,1400.08032997335
lassen,28042801,1677.581108620062
lassen,28040909,1743.0499396135265
lassen,29063111,1795.3744462669795
lassen,29062906,1603.4825245033046
lassen,29053510,1707.6908957016528
lassen,28053133,1444.20889898192
lassen,29053516,1643.4188174940664
lassen,29053202,1686.98990522549
lassen,29053010,1602.7758884321504
lassen,28040211,1588.376971453516
lassen,29063106,1785.8654802349251
lassen,28042105,1290.801587382438
lassen,28040907,1683.479423990807
lassen,28053131,1423.8236285324413
lassen,28062001,1559.3124045493819
lassen,29061902,1603.551908734684
lassen,28043414,1670.123523122018
lassen,28051413,1610.314199608221
lassen,28052515,1504.479499078566
lassen,28053208,1457.6507112136994
lassen,29043502,1633.485275828094
lassen,28040912,1708.574023180017
lassen,28073205,1387.3305192331109
lassen,28061204,1409.1129091796874
lassen,29042703,1539.1705211292613
lassen,29062401,1616.1751316899838
lassen,29053201,1666.648131834959
lassen,28073001,1372.666015625
lassen,28062709,1469.80309720181
lassen,28050206,1649.8501807378582
lassen,28051914,1511.7008842670098
lassen,29072006,1462.844004517246
lassen,28073007,1389.1653022326323
lassen,29053205,1699.2132999846583
lassen,28051109,1561.1129822393862
lassen,28051708,1461.45641147525
lassen,29042101,1746.162512213156
lassen,28061810,1590.58673640495
lassen,28051412,1642.0970763707596
lassen,28041004,1633.7952035188118
lassen,28053014,1411.335682516989
lassen,29063133,1779.7111779508423
lassen,28063031,1508.130198037504
lassen,28073132,1419.1143588753635
lassen,29052609,1767.87804728249
lassen,28073101,1403.9168269653321
lassen,28042607,1515.8400155459242
lassen,29053504,1795.8903245832953
lassen,28040214,1579.5731319323588
lassen,29043506,1512.4634148905595
lassen,28062114,1498.4053624164628
lassen,29042611,1610.1811350192265
lassen,28051015,1631.3476028249818
lassen,28043410,1616.6165590593891
lassen,28052209,1477.9793020710313
lassen,29052708,1776.2956328512716
lassen,28052313,1480.365353598015
lassen,29042615,1622.5783583379425
lassen,28041310,1660.0232603507427
lassen,28052304,1604.3412976881593
lassen,28050915,1446.5384229630988
lassen,29053107,1606.7198684540035
lassen,29063009,1597.0102215623
lassen,28051501,1643.9491633241353
lassen,28040413,1355.875860626069
lassen,28060714,1739.8916814990655
lassen,28063401,1467.291196079416
lassen,29062310,1550.2133529655327
lassen,28062214,1509.491931632096
lassen,29053309,1676.5710492969342
lassen,28051715,1592.6869830708886
lassen,28040415,1443.2168557398852
lassen,28051816,1681.1089091890965
lassen,28051933,1527.0367155105937
lassen,28051105,1673.1721763630214
lassen,29062411,1548.2140152421516
lassen,28062701,1474.4495150502792
lassen,29042704,1567.2895794930544
lassen,28040915,1740.4682398222046
lassen,28040910,1733.210384565606
lassen,28073115,1390.6077445495305
lassen,29053405,1606.5026174926759
lassen,28041406,1671.2320949431892
lassen,28042303,1742.1766188327904
lassen,29042209,1510.0143802591606
lassen,29042205,1714.4372152102067
lassen,29042214,1555.1580390625
lassen,28042206,1695.0533003426049
lassen,28041511,1702.2943339645299
lassen,28051814,1719.2360511167974
lassen,28061803,1648.8325709325163
lassen,29053311,1669.8178640323385
lassen,29062813,1640.3684747129878
lassen,28051702,1483.7924734011951
lassen,29053211,1705.7634945411066
lassen,28061135,1469.1414616739082
lassen,28043605,1492.4380789395298
lassen,28042414,1625.4527019852712
lassen,28061613,1621.827218844848
lassen,28040116,1774.9824423337116
lassen,28041503,1728.5142422991594
lassen,28040332,1398.7693298039178
lassen,29052715,1783.8775481487985
lassen,28051508,1646.0357896666487
lassen,28052303,1634.1444379305378
lassen,29053408,1669.580811598672
lassen,29042208,1585.1852167457903
lassen,28051833,1748.8123792465194
lassen,28041003,1641.9711510195202
lassen,29042116,1625.6301850700183
lassen,28041608,1733.8642407413643
lassen,28053215,1477.7414957682292
lassen,28040914,1745.5977333928652
lassen,29063312,1642.9817132685484
lassen,29062414,1548.1758186606655
lassen,28050914,1418.2703619942995
lassen,28073102,1412.6342934342867
lassen,29052315,1644.6321304801882
lassen,28063504,1469.886934447672
lassen,28051902,1686.676502491717
lassen,28041011,1670.3679698988972
lassen,29042612,1512.0148832961402
lassen,28053304,1529.9208861694335
lassen,28052705,1489.7009524881958
lassen,28062806,1512.1925858663496
lassen,29061801,1753.5894629947554
lassen,28051509,1640.3856081900783
lassen,29062306,1563.4170005977362
lassen,28052704,1432.9573687929096
lassen,28042703,1625.00864536022
lassen,28043614,1494.9431924197272
lassen,29052608,1732.45110438615
lassen,28051003,1470.8034374903118
lassen,29062909,1604.3773596392923
lassen,28052907,1457.2601341517995
lassen,28041210,1741.0426930139813
lassen,28041415,1708.0992640868647
lassen,28053109,1368.569552733394
lassen,28052008,1471.0176937148058
lassen,29053313,1714.3505907883825
lassen,28040232,1680.2851658416644
lassen,28050801,1539.9673679523016
lassen,28040414,1402.5700939019205
lassen,28073002,1375.90640211273
lassen,28052308,1592.2345751441962
lassen,28051201,1724.6689267202523
lassen,28052715,1536.3692334594728
lassen,28073034,1408.714019599727
lassen,29072711,1678.5419706304021
lassen,29053305,1705.7955221203902
lassen,28051934,1485.6477478982563
lassen,28052002,1574.500618946309
lassen,28062903,1539.134516155909
lassen,28052603,1464.2325036152977
lassen,28051811,1737.5141038358431
lassen,29062713,1484.0004288594919
lassen,28051114,1636.1245500237849
lassen,29052313,1692.3068776719506
lassen,29052616,1800.693334439725
lassen,29053207,1722.5611854813142
lassen,28050731,1757.6130085709704
lassen,29071814,1585.781963212218
lassen,29042513,1597.340132201719
lassen,28040913,1733.7885957230644
lassen,28050805,1490.0326923702926
lassen,28052615,1484.0465984523976
lassen,28062209,1594.3989958427321
lassen,29063015,1782.3192823785375
lassen,29053011,1596.4918521728516
lassen,29063103,1783.9113620694893
lassen,29052403,1568.3903903705607
lassen,28051806,1756.1522661153242
lassen,28043611,1502.8776099097145
lassen,28073214,1391.383074511961
lassen,28053608,1593.509370643068
lassen,28051304,1555.403735413059
lassen,29053501,1791.0268666970571
lassen,28042213,1642.752739111884
lassen,28042304,1785.7703668460413
lassen,28052909,1481.022341925061
lassen,28050804,1488.0551232509927
lassen,28041106,1562.3411431004158
lassen,28042707,1575.5525355528307
lassen,29052916,1627.049366684836
lassen,28051834,1724.6020743072875
lassen,28043402,1623.1902079902957
lassen,29043514,1591.5569555388402
lassen,28051009,1672.1006430220616
lassen,28052901,1467.3366944092163
lassen,28050316,1715.03918231853
lassen,28041613,1407.2015930904124
lassen,28042207,1741.0272383882768
lassen,28041410,1706.5306354173404
lassen,29053203,1679.757515050946
lassen,28041006,1647.4877180192855
lassen,28043508,1453.3852139000132
lassen,29053401,1748.2400630896136
lassen,28040210,1660.2120648795446
lassen,28050209,1666.1865453710545
lassen,28063106,1615.5091656887816
lassen,29052506,1640.1459061885719
lassen,28072913,1375.0710165193766
lassen,29043603,1520.0323712453285
lassen,28042106,1359.299984226544
lassen,28042608,1607.7517773779468
lassen,28051208,1741.1232357161525
lassen,29053512,1646.2716208616816
lassen,28062911,1507.7288195967494
lassen,28061611,1761.1764647650796
lassen,28050911,1436.6292901208558
lassen,29053515,1592.2174698996241
lassen,28041015,1669.1365651424633
lassen,28040904,1426.6864829649899
lassen,28040216,1735.3731487084265
lassen,28051402,1649.3414689276005
lassen,29063206,1782.701353262538
lassen,28040902,1570.245162123183
lassen,28040105,1772.4621131936099
lassen,29053316,1666.9357876334818
lassen,28051515,1585.0369372558594
lassen,28053209,1502.4674482421874
lassen,29053204,1654.482191494806
lassen,28051810,1725.9191158244353
lassen,28040231,1759.4863409651637
lassen,28042305,1769.1799059479604
lassen,28042210,1645.5652238207022
lassen,28052516,1507.0190209153347
lassen,28051802,1701.807382471187
lassen,29061816,1607.420389918431
lassen,29053514,1611.7170953488817
lassen,28041108,1634.3668888647762
lassen,28050205,1662.8250873970205
lassen,28053601,1532.9764319367373
lassen,29063511,1473.274630521524
lassen,28043401,1595.3988424984877
lassen,28051107,1654.0408053997223
lassen,28040905,1582.7578840927467
lassen,28041112,1598.2041843240997
lassen,28040808,1442.0377708673477
lassen,28052210,1415.9204974016986
lassen,28042714,1689.8890128257824
lassen,29052504,1639.7705467736187
lassen,29052514,1742.106335957845
lassen,28041409,1666.0533841510335
lassen,29052606,1787.955490052932
lassen,28061108,1441.1192461112817
lassen,28043608,1400.6148834998385
lassen,28042406,1685.9395203368556
lassen,28051510,1615.6974409919217
lassen,28042704,1702.0103102869266
lassen,29052513,1758.589644719684
lassen,28063506,1471.0266857377742
lassen,28043606,1476.0391147895457
lassen,28041002,1627.991068786848
lassen,28050814,1537.0298664734705
lassen,28040416,1491.279171362744
lassen,29061808,1696.2557901657467
lassen,28051312,1582.3870405491775
lassen,28051709,1497.8751497659014
lassen,28053201,1446.4596529636335
lassen,28051309,1618.042116310983
lassen,29053308,1621.302010543703
lassen,28052501,1507.22412641445
lassen,28041209,1779.5165424644797
lassen,28063104,1525.1017271645314
lassen,29042802,1644.4023189345105
lassen,28041509,1723.8368081103215
lassen,28063505,1466.0405344046176
lassen,28042603,1544.7101665104556
lassen,29042216,1469.260757932625
lassen,28042111,1318.4324399059965
lassen,29063314,1580.5239797630368
lassen,29072010,1443.9466396101207
lassen,28051303,1555.4745096790941
lassen,28042701,1498.3568380375082
lassen,28052015,1384.9720446457918
lassen,28060832,1748.5138116580542
lassen,29052716,1783.1644829101563
lassen,28051703,1563.8029481366932
lassen,28073109,1394.305364675311
lassen,29071931,1627.0755497059924
lassen,28061714,1534.463701284267
lassen,29042808,1632.171927567325
lassen,28052105,1428.1353113692176
lassen,29042203,1775.5057968047543
lassen,28043509,1468.1398547543681
lassen,28073133,1424.583631474921
lassen,28042301,1670.890713372878
lassen,28051103,1692.0846121651787
lassen,29062910,1589.994698128304
lassen,28051932,1637.5716265666465
lassen,29042714,1576.7876137008031
lassen,28063102,1524.5398284896626
lassen,29063507,1465.5587114759555
lassen,28042308,1692.7426009296041
lassen,28040309,1592.957952099841
lassen,28052314,1472.3639914938442
lassen,28051512,1460.5143869703766
lassen,28073110,1403.832773542955
lassen,28061614,1652.0867213854601
lassen,28042401,1646.2823748806263
lassen,29052915,1653.476084146155
lassen,28043407,1598.4837420428241
lassen,28062501,1395.04813258768
lassen,28062610,1434.2038479360808
lassen,28052413,1529.7730740031068
lassen,28073114,1416.195819561298
lassen,29063214,1754.7464776081279
lassen,29042616,1621.9715960945368
lassen,28052309,1555.157747954719
lassen,29061705,1726.673354164203
lassen,28042109,1562.907725909614
lassen,28041316,1683.565736710965
lassen,28062304,1651.7154757426697
lassen,28051906,1641.7938868651838
lassen,28053607,1587.8797819215793
lassen,28042412,1637.2015159621922
lassen,28041304,1643.0068759908263
lassen,29062916,1602.774923713665
lassen,28051111,1663.5718640142918
lassen,29042614,1576.2243946576973
lassen,28050307,1675.8733382706162
lassen,28041512,1724.168825845583
lassen,28073216,1419.2321281761792
lassen,28042313,1594.4445160124249
lassen,28040307,1466.36081927077
lassen,28051311,1538.0794066758092
lassen,28062210,1527.8056824275966
lassen,29062814,1673.2884198001232
lassen,28063108,1608.8756839573903
lassen,28051713,1666.408401192157
lassen,28052306,1611.6042219875953
lassen,29071834,1636.5162793512795
lassen,29053310,1660.8385523521358
lassen,28040410,1381.7540589127252
lassen,28073106,1405.135775089264
lassen,28052411,1530.7941228016173
lassen,28041105,1586.1289981360942
lassen,28063007,1495.2318300460988
lassen,28042403,1663.0531724023158
lassen,28050216,1665.3770759863962
lassen,28063033,1495.4705085560754
lassen,28042001,1288.1131521326895
lassen,28062608,1425.7374841332205
lassen,29053307,1654.9470140733936
lassen,28052311,1519.322317611163
lassen,28073111,1405.0941843932776
lassen,29053409,1649.972204620905
lassen,28061315,1389.1374467782937
lassen,29052610,1801.154672121621
lassen,28050803,1528.8619194934347
lassen,28050904,1579.1572973719694
lassen,28052301,1613.2574173395813
lassen,28052614,1485.996342492482
lassen,28041616,1677.8476147943802
lassen,28051410,1655.4669939407972
lassen,28060733,1759.9800391492504
lassen,28063212,1634.2100394197212
lassen,29042211,1610.2215467311576
lassen,28040113,1772.5793286600422
lassen,28063214,1722.0651953009567
lassen,29061809,1612.7051860657318
lassen,28042016,1235.775945959784
lassen,28041103,1571.1940183852294
lassen,29062307,1561.4989433516091
lassen,29063305,1604.6038753571663
lassen,28050907,1574.8580259934474
lassen,28040208,1752.7626211515037
lassen,28062514,1416.41274993499
lassen,28041005,1660.2126806526542
lassen,28052713,1589.5578072960134
lassen,28041603,1744.7443612927723
lassen,28050309,1720.0521977082121
lassen,28050732,1760.129108321555
lassen,29063102,1798.028472512915
lassen,28063008,1504.0185397644789
lassen,28073015,1412.6037272955368
lassen,28043406,1646.5444357844435
lassen,29063209,1686.3651875081507
lassen,28041306,1679.8188556433338
lassen,28040333,1393.4757085519595
lassen,28051404,1672.478619099835
lassen,29052702,1724.5778913312422
lassen,28041404,1662.104297783773
lassen,28051712,1661.5802145674108
lassen,28051711,1631.7476923886747
lassen,28050908,1537.24524662951
lassen,29043612,1726.88136844635
lassen,28051415,1652.450022022185
lassen,28060740,1744.4631223144531
lassen,28050116,1733.009575778886
lassen,28041510,1704.9015657390705
lassen,28061136,1485.1702698329996
lassen,28051401,1615.2318982084298
lassen,29072003,1565.6772914870514
lassen,28042114,1359.08488645195
lassen,28042212,1623.9590575365369
lassen,28041014,1726.4088060367403
lassen,28041604,1730.524900537459
lassen,28050334,1678.607964997691
lassen,28042601,1639.2527192382813
lassen,28043405,1683.9021912232668
lassen,28040310,1572.7757554481177
lassen,28073215,1387.364896753248
lassen,28052803,1502.311638168916
lassen,28040233,1591.1644911393198
lassen,28062402,1390.14678635088
lassen,29043510,1683.2934058112476
lassen,28062312,1565.5608263330553
lassen,28053216,1550.903034806671
lassen,29052906,1718.9553955078125
lassen,29043516,1747.9940364391286
lassen,28051831,1778.0251486501386
lassen,28052816,1556.4374942338645
lassen,28051115,1615.1243805789566
lassen,28050714,1753.2072446709437
lassen,28051001,1692.7840656098865
lassen,26070516,1454.260711362285
lassen,27073612,1639.7964539696077
lassen,27073208,1551.2095004580858
lassen,26070413,1503.3220614760223
lassen,27063501,1351.6267454707875
lassen,26070416,1547.7515054141775
lassen,26070414,1538.4913992277734
lassen,27063602,1372.6691947174459
lassen,27073606,1518.071296239559
lassen,27073213,1401.5232794619967
lassen,26060431,1604.1174581850005
lassen,27073214,1459.172142564602
lassen,27073206,1526.4751675741745
lassen,27073616,1551.064438898994
lassen,26060437,1619.4326163888518
lassen,26070410,1566.8417565936363
lassen,27063502,1350.092012540682
lassen,27073205,1461.967386005013
lassen,27073604,1569.9307770094708
lassen,27073607,1553.782462931089
lassen,26070514,1532.535156189117
lassen,27073211,1480.5053055729893
lassen,26070409,1544.7491166657092
lassen,27073608,1498.08063508609
lassen,27073609,1471.9559659202216
lassen,27073610,1477.732807228226
lassen,27063606,1340.0189133338604
lassen,26070511,1438.9653904575478
lassen,26070412,1512.0579200064783
lassen,27073215,1487.4940083110248
lassen,26070513,1509.9017825690444
lassen,26070415,1544.5408527017414
lassen,27063503,1352.7461524160694
lassen,26070435,1574.2887686662325
lassen,27073615,1524.8569735176382
lassen,26070702,1441.8481891108495
lassen,27073614,1651.5026513099185
lassen,27073207,1553.0339305890911
lassen,27073605,1626.7862981505702
lassen,26070536,1478.01828811018
lassen,27073313,1568.7742025545328
lassen,26060409,1620.1647925648263
lassen,27073101,1462.9718140316816
lassen,27073613,1571.297898945861
lassen,27073602,1590.3734844728037
lassen,27073203,1507.1068351339993
lassen,27073212,1459.9719461375269
lassen,26070437,1579.7105541679803
lassen,26060432,1638.4775165666854
lassen,26070708,1551.8985855921303
lassen,27073201,1566.7659747299078
lassen,27063508,1337.3926658325195
lassen,27063607,1345.6689201167064
lassen,27073204,1462.6988096218372
lassen,26070538,1411.24870813248
lassen,26070438,1563.1806876574628
lassen,27073210,1540.7651912155113
lassen,26070707,1468.2759809884412
lassen,26060436,1623.8824034967731
lassen,26070433,1607.9004629880108
lassen,27073209,1575.2949565977563
lassen,26070434,1522.9899201569733
lassen,27073603,1585.486501634892
lassen,27073202,1567.7560482063218
lassen,27073216,1536.8610296153831
lassen,26070701,1528.4404828838274
lassen,26070411,1580.9864452588695
lassen,26070515,1439.673204566823
lassen,27073611,1571.7618224095088
lassen,26070537,1460.1701891885018
lassen,27073601,1534.4131656556315
lassen,26070510,1422.7658773196433
lassen,26070535,1410.957429292008
lassen,27063601,1379.3699835229108
lassen,26070509,1457.614524142231
lassen,27060904,1670.761414026331
lassen,27070515,1382.93380077341
lassen,27062413,1588.562840203042
lassen,27071604,1375.7050353482239
lassen,27070803,1391.6343494301718
lassen,27072012,1498.5327455018182
lassen,27070315,1393.2927165879562
lassen,27062506,1518.3405860496925
lassen,27060808,1740.5847778020386
lassen,27060110,1446.3100595649707
lassen,27070412,1398.826207098065
lassen,27071815,1395.5279428725426
lassen,27070314,1402.7316902249704
lassen,27072913,1497.5851916032284
lassen,27072914,1551.8182391688154
lassen,27060913,1771.110900849378
lassen,27072006,1561.0553878173828
lassen,27060414,1591.3703846812368
lassen,27072702,1359.3125793610002
lassen,27060810,1762.7130091085257
lassen,27073011,1540.6353908437068
lassen,27072811,1413.5556519775391
lassen,27062501,1495.228052830296
lassen,27040701,1659.5577528277076
lassen,27062210,1564.6971862914552
lassen,27062702,1431.6566669753074
lassen,27072014,1601.8088925628044
lassen,27070513,1391.0942864766935
lassen,27060133,1441.941337631688
lassen,27072108,1396.9088327601337
lassen,27061207,1440.255711618309
lassen,27071907,1414.325021740027
lassen,27070609,1406.1475127323972
lassen,27062313,1567.4799521102177
lassen,27071916,1498.2454326127554
lassen,27062211,1501.6152939751125
lassen,27072215,1393.865052078356
lassen,27071006,1400.0906340722952
lassen,27041811,1442.1639367782805
lassen,27060407,1508.1523327526745
lassen,27062215,1484.8533955127075
lassen,27060902,1567.9596697767497
lassen,27070701,1400.228363938597
lassen,27060802,1811.2589720779022
lassen,27041810,1497.9415717799002
lassen,27040314,1516.2556253578532
lassen,27071914,1473.1270693212523
lassen,27062601,1570.9035394827927
lassen,27062603,1513.3274187011718
lassen,27041832,1571.7954868509312
lassen,27071802,1411.9202584147874
lassen,27070809,1392.3534851376073
lassen,27062314,1611.122652796121
lassen,27072303,1500.1457593994141
lassen,27060131,1419.650892551572
lassen,27071806,1395.2296012806407
lassen,27041831,1536.3350234120203
lassen,27070508,1396.1954222776608
lassen,27060205,1463.7570839572213
lassen,27072102,1399.9577009933537
lassen,27062602,1521.0249873111945
lassen,27062513,1385.2475519024883
lassen,27070511,1396.7356321447946
lassen,27072111,1507.0110952165605
lassen,27060905,1682.7350230692405
lassen,27070808,1396.386008276728
lassen,27060911,1648.2927555466447
lassen,27070607,1422.1721711099533
lassen,27062514,1403.060760142292
lassen,27072903,1586.1428846624976
lassen,27040708,1702.069332468257
lassen,27072902,1648.4164645933492
lassen,27070516,1383.9429205352938
lassen,27040711,1660.436328491211
lassen,27062609,1444.9688947838931
lassen,27041816,1492.7725346650827
lassen,27040316,1458.894669867229
lassen,27063003,1603.599173054062
lassen,27040716,1654.8686752245048
lassen,27062701,1452.2966969626568
lassen,27060408,1479.266065185547
lassen,27073003,1499.4809870615215
lassen,27060410,1531.7691993978026
lassen,27072009,1583.127727843696
lassen,27070532,1394.3949530432067
lassen,27062611,1393.1701705917158
lassen,27070805,1395.2416006644028
lassen,27070313,1410.351009008742
lassen,27040335,1488.4945860977023
lassen,27070914,1378.6048058763167
lassen,27072112,1527.8166469335556
lassen,27032408,1269.0951485579315
lassen,27062507,1539.1100291297548
lassen,27072005,1521.0524622522914
lassen,27062503,1579.2343345546483
lassen,27041801,1646.728170235628
lassen,27070414,1400.0574736576157
lassen,27072011,1571.4783260498048
lassen,27070509,1395.2976106729939
lassen,27060807,1818.7704796050175
lassen,27062604,1476.7980702920738
lassen,27041806,1567.0360828662674
lassen,27060434,1576.7066434124324
lassen,27070616,1398.9689206883975
lassen,27070801,1379.5337552252558
lassen,27072907,1658.87874590966
lassen,27061701,1840.4719550952577
lassen,27062616,1387.2635701807062
lassen,27032602,1112.655352284709
lassen,27070534,1397.0434219407014
lassen,27062214,1448.6813177918386
lassen,27061310,1421.8937524753821
lassen,27062515,1439.5499687928782
lassen,27062414,1530.3764225886418
lassen,27060906,1624.8744845515866
lassen,27071605,1386.0393939126131
lassen,27040309,1395.2432757363936
lassen,27040536,1619.510981442915
lassen,27070512,1398.1179285618364
lassen,27070813,1410.7823959372731
lassen,27032401,1274.504467590332
lassen,27040313,1535.930655846229
lassen,27073002,1512.0214634733964
lassen,27070506,1400.3571550279357
lassen,27070632,1404.5052229353378
lassen,27060409,1497.3839481531452
lassen,27070707,1417.6735696802073
lassen,27072915,1552.3498584254414
lassen,27060914,1742.5616012012592
lassen,27061206,1459.7050773493822
lassen,27073033,1480.0888816206632
lassen,27041814,1363.3357668305637
lassen,27072216,1489.8597607520817
lassen,27061204,1465.0669853367372
lassen,27072212,1322.0705154981802
lassen,27070904,1384.4411244281173
lassen,27072812,1451.9135844726563
lassen,27062516,1400.596286397802
lassen,27072912,1524.2747222410148
lassen,27071514,1413.7729445189811
lassen,27061210,1441.348465212291
lassen,27062316,1598.7528806776327
lassen,27062608,1516.5597116181345
lassen,27060109,1425.4268659931079
lassen,27072013,1546.8963982935445
lassen,27062504,1575.7427410215844
lassen,27072211,1355.2364234787449
lassen,27060412,1609.1555582884228
lassen,27060111,1458.5878788117438
lassen,27040636,1386.9197906317738
lassen,27060903,1613.5519829377495
lassen,27040715,1675.3860136949206
lassen,27060809,1707.3505595737458
lassen,27072909,1507.615022577791
lassen,27071603,1379.871904913057
lassen,27061314,1440.582677871462
lassen,27062207,1598.2854980345385
lassen,27040714,1592.8414940232026
lassen,27062312,1650.0872890679502
lassen,27070310,1375.728749901992
lassen,27063031,1643.3099244157513
lassen,27072904,1560.292396146334
lassen,27062305,1627.1475687255859
lassen,27060801,1736.5273952948414
lassen,27073016,1491.4450129558916
lassen,27040333,1471.8965415128146
lassen,27072806,1481.1921655407782
lassen,27060815,1757.3189257329054
lassen,27062607,1474.046475210635
lassen,27071908,1447.8603996360528
lassen,27062307,1564.341508811302
lassen,27060108,1418.9287681295898
lassen,27071612,1404.423347576711
lassen,27060305,1466.6085289907667
lassen,27062606,1427.3879541064673
lassen,27040538,1682.362061730256
lassen,27041808,1621.630546107199
lassen,27070608,1398.2548439554648
lassen,27071614,1385.5388338314194
lassen,27032415,1177.1922984864018
lassen,27071810,1392.3288898847968
lassen,27072206,1384.2959170583952
lassen,27070732,1430.993614423774
lassen,27070812,1401.8728856810935
lassen,27072910,1606.3337580174575
lassen,27061306,1432.1349314919964
lassen,27040416,1567.9405115012107
lassen,27040415,1563.0682195598324
lassen,27072109,1368.464087463379
lassen,27070815,1390.8734381828272
lassen,27062209,1639.3104774960293
lassen,27072106,1472.650817811721
lassen,27040210,1360.9696744036075
lassen,27072905,1567.4487275681915
lassen,27062505,1483.943373135431
lassen,27040331,1454.716278452932
lassen,27040315,1525.289691622642
lassen,27070913,1382.7871804183683
lassen,27062310,1581.3636456298827
lassen,27062415,1464.1246596034327
lassen,27040734,1528.658257810034
lassen,27070615,1405.5781715770067
lassen,27061304,1456.2816791325242
lassen,27070816,1391.0312853661653
lassen,27070533,1396.6729172641417
lassen,27062610,1423.7542396316567
lassen,27070911,1393.1360361735026
lassen,27072313,1544.4595775388618
lassen,27071915,1464.370207612182
lassen,27040816,1577.881519809846
lassen,27070716,1414.674260730278
lassen,27060516,1702.124818797161
lassen,27061301,1433.6932640340856
lassen,27030115,1680.4748495554306
lassen,27061214,1458.7468881413965
lassen,27070507,1402.581843081283
lassen,27040706,1722.8946936107104
lassen,27072304,1508.7050244016696
lassen,27062511,1461.210217406018
lassen,27061303,1446.0319841014666
lassen,27072016,1625.3937343918203
lassen,27073001,1537.823344504945
lassen,27070912,1386.1286150029077
lassen,27072603,1584.8829260039747
lassen,27060106,1455.8029503173827
lassen,27071909,1466.9068972120099
lassen,27032601,1136.3308806532011
lassen,27061211,1459.229208799256
lassen,27062509,1462.7320866660466
lassen,27061209,1431.754263587457
lassen,27032402,1250.268945300299
lassen,27041807,1556.9922605451013
lassen,27072901,1655.0816750215918
lassen,27072214,1329.6083810605044
lassen,27071807,1396.2130795271037
lassen,27060432,1474.0110535145739
lassen,27040310,1439.663168240698
lassen,27040710,1675.3745972645625
lassen,27073009,1490.207339308849
lassen,27040311,1479.7974878295486
lassen,27031203,1725.0486937784947
lassen,27070807,1393.7954573047834
lassen,27040414,1533.8818263904368
lassen,27072803,1523.6454680448921
lassen,27061208,1433.4493804511949
lassen,27070510,1394.3799290810862
lassen,27070811,1389.177888786174
lassen,27070708,1405.4446622789405
lassen,27061215,1447.242318383837
lassen,27040810,1612.9188017548488
lassen,27061414,1476.88792567296
lassen,27070531,1397.8148024584434
lassen,27070413,1394.4840033041257
lassen,27071701,1382.9249991002189
lassen,27071703,1393.4628671806263
lassen,27070715,1415.5772442808245
lassen,27061216,1432.4771210587012
lassen,27062403,1433.3026210633702
lassen,27040814,1623.9808668155881
lassen,27060912,1669.0912900243022
lassen,27040637,1565.690664761417
lassen,27062410,1440.6639373477142
lassen,27072804,1626.9467316204436
lassen,27072116,1337.0163282378123
lassen,27072113,1592.2983611421594
lassen,27032403,1231.1975045530894
lassen,27061704,1923.4689107248937
lassen,27072701,1430.237322320566
lassen,27060132,1418.824636400517
lassen,27040612,1705.1783722557725
lassen,27062315,1628.2643679122812
lassen,27061308,1424.6708832546253
lassen,27062406,1445.913371951431
lassen,27040535,1677.1458869096477
lassen,27070514,1391.3941133300043
lassen,27062614,1367.3324167415997
lassen,27070634,1416.3073716206684
lassen,27070814,1392.6625717038314
lassen,27070410,1399.7896811856801
lassen,27071902,1406.0895376314734
lassen,27031211,1681.6725151039054
lassen,27062216,1521.5246775512696
lassen,27060406,1563.7570951162133
lassen,27060816,1760.0010214971085
lassen,27071934,1444.7458159621804
lassen,27070606,1424.2000490785256
lassen,27070633,1418.5415067620513
lassen,27040211,1423.8818590722751
lassen,27062615,1369.89827202146
lassen,27032409,1226.6387853214396
lassen,27060416,1524.6300391620007
lassen,27072107,1443.767122372003
lassen,27061703,1888.8627568496506
lassen,27072805,1557.3953249237975
lassen,27062416,1447.8494990861072
lassen,27072202,1460.5606060192754
lassen,27073032,1529.9196865616486
lassen,27070702,1406.30564194317
lassen,27072911,1598.300863932943
lassen,27073008,1514.6333866033426
lassen,27062508,1529.9568612058072
lassen,27060508,1688.7079094947853
lassen,27040731,1725.2788970083132
lassen,27062411,1496.728891049958
lassen,27060134,1468.1789124026384
lassen,27062512,1430.5856369064377
lassen,27041815,1432.0192371685794
lassen,27071613,1424.8887312945199
lassen,27062311,1627.8277497175031
lassen,27072604,1521.6659532671003
lassen,27032407,1206.730312354966
lassen,27061307,1431.042744169603
lassen,27073031,1491.2977005231692
lassen,27040631,1708.0566908514757
lassen,27061504,1610.5198025512695
lassen,27060415,1560.5045149002342
lassen,27071910,1432.3615887334856
lassen,27071606,1377.7896106810113
lassen,27070810,1390.5383421549163
lassen,27062306,1616.9331567382812
lassen,27072201,1484.8486615422423
lassen,27072110,1431.3812523878025
lassen,27062510,1483.4204998594341
lassen,27072210,1399.2741631159088
lassen,27071007,1393.0805314928757
lassen,27072906,1613.0346608169089
lassen,27061515,1466.5077429199218
lassen,27061302,1443.46875391016
lassen,27073010,1509.6793872483697
lassen,27070411,1397.079760827466
lassen,27062502,1508.7443297419716
lassen,27070405,1397.9394954271995
lassen,27031216,1535.8585773139973
lassen,27060107,1427.1733998070395
lassen,27041834,1361.1589635383193
lassen,27070804,1393.8615167467656
lassen,27060509,1695.3856515292202
lassen,27032410,1182.7180072280237
lassen,27041809,1573.4792061548612
lassen,27061309,1421.1485474364504
lassen,27040312,1527.0117640586648
lassen,27060413,1647.6897963186996
lassen,27070505,1411.895665181734
lassen,27032416,1186.182185864221
lassen,27070415,1398.7881751873088
lassen,27071702,1384.8394390232388
lassen,27073007,1509.997902697941
lassen,27071831,1415.1142111367167
lassen,27071611,1382.9969472107782
lassen,27061702,1823.1891239218044
lassen,27072908,1596.687825908747
lassen,27040212,1428.627738668382
lassen,27060411,1566.149387184079
lassen,27071513,1376.2095375257466
lassen,27070802,1391.6211287987032
lassen,27060312,1479.8311666920447
lassen,27060515,1786.8333076808763
lassen,27071704,1398.078873868474
lassen,27063032,1616.8798767760559
lassen,27073006,1545.6716208270523
lassen,27062206,1530.3140923461915
lassen,27070806,1391.9212757188295
lassen,27040809,1599.0493823615873
lassen,27072103,1406.9680123016522
lassen,27040532,1603.4481755847125
lassen,27063006,1663.0177138691765
lassen,27060405,1622.3737233051977
lassen,27041833,1469.9720373833495
lassen,27070631,1394.8778451014048
lassen,27040131,1478.4057523232918
lassen,27040133,1477.9968758616728
lassen,27040134,1459.7932876363539
lassen,27040908,1578.2503704470041
lassen,27040912,1515.876550790588
lassen,27040913,1560.5004814316133
lassen,27041001,1466.022982408947
lassen,27041002,1505.9869656510089
lassen,27041003,1517.660212030474
lassen,27041004,1578.6185129227176
lassen,27041005,1566.8021912751374
lassen,27041006,1490.698973977868
lassen,27041703,1629.2826324997184
lassen,27041704,1648.9880505914034
lassen,27041705,1552.2725139621657
lassen,27041706,1603.81305678208
lassen,27041712,1496.2381007629956
lassen,27041711,1554.1995134171195
lassen,27041931,1301.8172542720297
lassen,27041903,1385.0455010986327
lassen,27041902,1498.5554844176297
lassen,27041932,1326.6322294674644
lassen,27041906,1392.931982522916
lassen,27041907,1467.2233402555214
lassen,27041908,1469.373098629772
lassen,27041901,1511.0078251710413
lassen,27041934,1194.8481965241608
lassen,27041933,1245.5271915651413
lassen,27041911,1291.96941459836
lassen,27041914,1221.8825170001494
lassen,27041910,1342.4185584690929
lassen,27041903,1141.1948486573124
